Time,Amplitude
0.0,0.5993428306022466
0.10005002501250625,0.5587282357121305
0.2001000500250125,0.7873377447464684
0.3001500750375187,1.0100033993347415
0.400200100050025,0.6785590836182617
0.5002501250625312,0.6731774928981811
0.6003001500750375,1.0127915930742608
0.7003501750875437,0.8210227788202853
0.80040020010005,0.5500409376703134
0.9004502251125562,0.7447322093239463
1.0005002501250624,0.5572398396466074
1.1005502751375686,0.5915752074290291
1.200600300150075,0.7829409679145061
1.3006503251625812,0.4064716289735507
1.4007003501750874,0.49154824441316985
1.5007503751875937,0.7536981285978555
1.6008004002001,0.6687984568159927
1.7008504252126062,0.914023013689976
1.8009004502251125,0.6289366838427126
1.9009504752376187,0.4767518705899875
2.0010005002501248,1.0025140713514045
2.101050525262631,0.6276201103081223
2.2011005502751373,0.6713170219621687
2.3011505752876436,0.382667677037206
2.40120060030015,0.5904319856564458
2.501250625312656,0.7669382574850395
2.6013006503251623,0.5624237893895254
2.7013506753376686,0.9063547403364348
2.801400700350175,0.7312533378811735
2.901450725362681,0.7904714505262909
3.0015007503751874,0.7047938576159493
3.1015507753876936,1.1580300409961641
3.2016008004002,0.7445032532933421
3.301650825412706,0.5047311721491302
3.4017008504252124,0.8697565328232325
3.5017508754377187,0.47609014727030197
3.601800900450225,0.8034069884878587
3.701850925462731,0.43189950838979757
3.8019009504752375,0.6311850081922585
3.9019509754877437,1.0079134854160432
4.0020010005002495,1.1755612365974775
4.102051025512756,1.1016164027690365
4.202101050525262,1.0618638553057724
4.302151075537768,1.0245891169168524
4.402201100550275,0.7800475097361836
4.502251125562781,0.9255672302249032
4.602301150575287,0.9856129544785853
4.702351175587793,1.3203656070037
4.8024012006003,1.2353000853153513
4.902451225612806,0.8954624484148506
5.002501250625312,1.4102406009545265
5.102551275637818,1.3701139783618157
5.202601300650325,1.4055664753681492
5.302651325662831,1.7391969858753937
5.402701350675337,1.8756592507356633
5.5027513756878434,1.8854848580900274
5.60280140070035,1.5445242050360861
5.702851425712856,1.6573653299706237
5.802901450725362,1.7978752171426087
5.9029514757378685,1.9551643151823557
6.003001500750375,1.7150628433654949
6.103051525762881,1.8477286896671148
6.203101550775387,1.7554698609674526
6.3031515757878935,1.8373751463638097
6.4032016008004,2.3347583134084813
6.503251625812906,2.5232542708498253
6.603301650825412,2.2932333923157815
6.703351675837919,2.5369703807125275
6.803401700850425,2.4133566982805577
6.903451725862931,2.2012413923816543
7.003501750875437,2.3876879269586295
7.103551775887944,2.615761562409593
7.20360180090045,2.310380715062452
7.303651825912956,2.660653015404599
7.403701850925462,1.8729292128469004
7.503751875937969,2.622040751250593
7.603801900950475,2.536372282443975
7.703851925962981,2.508819809169803
7.8039019509754874,2.614731992423771
7.903951975987994,2.198881773956435
8.004002001000499,2.524730733165438
8.104052026013006,2.590448155694262
8.204102051025512,2.753307999030939
8.304152076038019,2.2932860364738707
8.404202101050524,2.1860698011862882
8.504252126063031,2.217215924900315
8.604302151075537,2.4912345864073315
8.704352176088044,2.3811449623391194
8.80440220110055,2.2242970828394584
8.904452226113056,2.443677797257406
9.004502251125562,2.355696443430427
9.104552276138069,2.5014104122397294
9.204602301150574,2.1116706715545988
9.304652326163081,2.106818450548046
9.404702351175587,1.9983039599585761
9.504752376188094,1.6841407724709294
9.6048024012006,1.9441766167137675
9.704852426213106,1.8631773852334688
9.804902451225612,1.7611206305121936
9.904952476238119,1.684725819390677
10.005002501250624,1.4361420416010837
10.105052526263131,1.6282474291721325
10.205102551275637,1.6307077817520261
10.305152576288144,1.5090482441208972
10.40520260130065,1.584675261580179
10.505252626313156,1.621855257975022
10.605302651325662,1.8244765824690248
10.705352676338169,1.3804504174861736
10.805402701350674,1.299680161706167
10.905452726363182,1.1517642947885902
11.005502751375687,0.7252353933228345
11.105552776388194,1.0724583276842923
11.2056028014007,1.0815812778679794
11.305652826413207,1.5683897537066485
11.405702851425712,1.0463306264653691
11.505752876438219,1.145311272934067
11.605802901450724,1.0604314008086575
11.705852926463232,0.7941871923595688
11.805902951475737,1.1971791808760535
11.905952976488244,1.0472901171212485
12.00600300150075,0.9821159165948418
12.106053026513257,0.5798148799450489
12.206103051525762,1.0008490669962677
12.30615307653827,0.424878913534394
12.406203101550775,0.8336202746932428
12.506253126563282,1.1852526934857683
12.606303151575787,0.5894223194279724
12.706353176588294,0.7118404137495624
12.8064032016008,0.8687252728338505
12.906453226613305,0.7506958038283058
13.006503251625812,0.5211158378776823
13.106553276638317,0.8063843384367702
13.206603301650825,0.5323461958813158
13.30665332666333,0.7940710410361143
13.406703351675837,0.48375621340320896
13.506753376688343,0.9677954377590096
13.60680340170085,0.5160954399000431
13.706853426713355,0.6449228630642271
13.806903451725862,0.9218584912037837
13.906953476738368,0.5643162793404795
14.007003501750875,0.8966308797506642
14.10705352676338,1.1327846510595236
14.207103551775887,0.5446787383512717
14.307153576788393,0.8735023155663973
14.4072036018009,0.8411621193879497
14.507253626813405,0.8909722705178291
14.607303651825912,0.437378834044552
14.707353676838418,0.3858591844623263
14.807403701850925,0.7406113009677306
14.90745372686343,0.7033141538669855
15.007503751875937,0.7176033092490611
15.107553776888443,0.7662077488240986
15.20760380190095,0.5839825672967056
15.307653826913455,0.7718475136015825
15.407703851925962,0.7640489884916901
15.507753876938468,0.5149959845239969
15.607803901950975,0.9596241911155073
15.70785392696348,0.5948649891536951
15.807903951975987,0.17225191307645515
15.907953976988493,0.46080541210064646
16.008004002000998,0.07103356553227547
16.108054027013505,0.3812467844319633
16.208104052026012,0.4327140093540474
16.30815407703852,0.025808014104105326
16.408204102051023,0.3722610449781716
16.50825412706353,0.24055853183616496
16.608304152076037,0.2798204746180765
16.708354177088545,0.42594465984718793
16.80840420210105,-0.09687175316232466
16.908454227113555,-0.3120383795998529
17.008504252126063,-0.46112570028888206
17.10855427713857,-0.5643932898316193
17.208604302151073,-0.5196764640666648
17.30865432716358,-0.5169573063582225
17.408704352176088,-0.5872111316139293
17.508754377188595,-0.5153609912594962
17.6088044022011,-0.7065673634093615
17.708854427213605,-0.448638807766798
17.808904452226113,-0.8354712190297248
17.90895447723862,-0.30263599824473586
18.009004502251123,-0.8092268944094867
18.10905452726363,-1.2136658724173481
18.209104552276138,-1.3758559195037685
18.309154577288645,-1.184392789879595
18.40920460230115,-1.4323987757869143
18.509254627313656,-1.3297426382863187
18.609304652326163,-1.4360191017319643
18.70935467733867,-1.577881301204112
18.809404702351173,-1.7467006504992897
18.90945472736368,-1.886456939810763
19.009504752376188,-1.6830110425695528
19.109554777388695,-1.4469248838075304
19.2096048024012,-1.6200702767369797
19.309654827413706,-1.9770523529550974
19.409704852426213,-1.7729293443098353
19.509754877438716,-1.8146656903920617
19.609804902451224,-2.145036943359406
19.70985492746373,-1.9952732893473666
19.809904952476238,-2.0458914482688932
19.90995497748874,-2.289476550358713
20.01000500250125,-1.9685838602929913
20.110055027513756,-1.892240261758654
20.210105052526263,-1.7489255503948675
20.310155077538766,-1.7245859324050092
20.410205102551274,-2.1981883531247584
20.51025512756378,-2.1187514294152865
20.610305152576288,-1.8556798323337698
20.71035517758879,-1.8947498368373403
20.8104052026013,-1.9335084634043918
20.910455227613806,-1.2933346312931873
21.010505252626313,-1.955816035294125
21.110555277638817,-1.8227819258358033
21.210605302651324,-1.8137274629110323
21.31065532766383,-1.8102873203701926
21.410705352676338,-1.931884525078716
21.51075537768884,-1.6499057498823702
21.61080540270135,-1.9046931441404005
21.710855427713856,-1.7683891997044
21.810905452726363,-1.8126935158590487
21.910955477738867,-1.7128465334930045
22.011005502751374,-1.2894902154889147
22.11105552776388,-2.1469213136028498
22.211105552776388,-1.643943130967367
22.31115557778889,-2.0903617170034448
22.4112056028014,-1.8252835121808657
22.511255627813906,-1.4561924238384116
22.611305652826413,-1.592941952235273
22.711355677838917,-1.7536956038657434
22.811405702851424,-1.6261231232303741
22.91145572786393,-1.3139803232722482
23.011505752876438,-1.589151429635106
23.11155577788894,-1.4177375679242943
23.21160580290145,-1.487496510013987
23.311655827913956,-1.6691995440960028
23.411705852926463,-1.1470028792849716
23.511755877938967,-1.4703862310756515
23.611805902951474,-2.002235212964085
23.71185592796398,-1.538600898273583
23.81190595297649,-1.671372925087459
23.911955977988992,-1.3262584740185512
24.0120060030015,-1.619626485449555
24.112056028014006,-1.4660462775537384
24.212106053026513,-1.3488361997545315
24.312156078039017,-1.3097628462499407
24.412206103051524,-1.777998657117314
24.51225612806403,-1.6724686861673803
24.61230615307654,-1.7687605759548986
24.712356178089042,-1.8614055292054477
24.81240620310155,-1.4146447988734219
24.912456228114056,-1.7001923937107917
25.012506253126563,-2.0256976120088668
25.112556278139067,-1.5689286536982094
25.212606303151574,-1.3048565893571944
25.31265632816408,-1.509145351795134
25.41270635317659,-2.024844036165871
25.512756378189092,-1.8468404588867928
25.6128064032016,-1.5481177345070551
25.712856428214106,-2.010130254726153
25.81290645322661,-1.8515725354390946
25.912956478239117,-1.8494166590310215
26.013006503251624,-2.235171508633549
26.11305652826413,-2.0818772988173704
26.213106553276635,-2.712193349131546
26.313156578289142,-2.241510438048887
26.41320660330165,-2.0481548516272357
26.513256628314156,-2.208357704085141
26.61330665332666,-1.604766183046683
26.713356678339167,-2.208675633793743
26.813406703351674,-2.0232814380266033
26.91345672836418,-1.939268616130592
27.013506753376685,-1.7160133914391604
27.113556778389192,-2.3272150597396313
27.2136068034017,-1.828217317177452
27.313656828414207,-2.0555429618546928
27.41370685342671,-2.222468929347664
27.513756878439217,-1.876070145351013
27.613806903451724,-1.8521873105167248
27.71385692846423,-1.92788388520744
27.813906953476735,-1.714185974551238
27.913956978489242,-1.7401332773699487
28.01400700350175,-1.5956129496301663
28.114057028514257,-1.4613342738706532
28.21410705352676,-1.266304612336424
28.314157078539267,-1.824931504772778
28.414207103551774,-1.1367801955987613
28.51425712856428,-1.9212305201526911
28.614307153576785,-1.5031349616917593
28.714357178589292,-1.2703609458880254
28.8144072036018,-1.2250656024624667
28.914457228614307,-1.2866154232680673
29.01450725362681,-1.0842373741738545
29.114557278639317,-1.0332846882254338
29.214607303651825,-0.9647919997512702
29.31465732866433,-0.6127924466738421
29.414707353676835,-0.6680573721424103
29.514757378689342,-0.8478390619840359
29.61480740370185,-0.5009807999900348
29.714857428714357,-0.5812420736115237
29.81490745372686,-0.42284098788126256
29.914957478739368,-0.3786342516089932
30.015007503751875,-0.5673977057440336
30.115057528764382,-0.39565905587986966
30.215107553776885,-0.012225023113042494
30.315157578789393,0.07393413197514737
30.4152076038019,0.04213602935995997
30.515257628814407,0.13869244324379526
30.61530765382691,0.4134343208713808
30.715357678839418,0.06122535776103144
30.815407703851925,0.29933547773380226
30.915457728864432,0.16050623162191338
31.015507753876935,0.18018997740112128
31.115557778889443,0.48555165335499506
31.21560780390195,0.4943374270822408
31.315657828914457,0.5729289679187444
31.41570785392696,0.7608989400273188
31.515757878939468,0.5904054239011797
31.615807903951975,0.7940580824674818
31.715857928964482,0.6432698444118133
31.815907953976986,0.7902089052218026
31.915957978989493,0.6940109543229142
32.016008004001996,0.7164100460081188
32.1160580290145,0.786629447158499
32.21610805402701,0.48032892778917935
32.31615807903952,1.0546921598185945
32.416208104052025,0.4486657215290545
32.51625812906453,0.44178785459524006
32.61630815407704,0.9660523407298559
32.71635817908954,0.9473444253306484
32.816408204102046,0.9612682435162794
32.91645822911455,0.9917851454458819
33.01650825412706,0.868932394824997
33.11655827913957,0.6717919068276691
33.216608304152075,0.8258070841250932
33.31665832916458,0.6238954003169208
33.41670835417709,0.9045066151424306
33.51675837918959,0.6434225173647569
33.6168084042021,0.49271768081135847
33.716858429214604,0.6032927340527077
33.81690845422711,0.7818068230038502
33.91695847923962,0.6319024396290002
34.017008504252125,0.628079914548077
34.11705852926463,0.8798857366095123
34.21710855427714,0.9003545892132673
34.31715857928964,0.7474518893999325
34.41720860430215,0.7309979087647335
34.517258629314654,0.8340740203945292
34.61730865432716,0.4576681241456067
34.71735867933967,0.4348296797190005
34.817408704352175,0.5615556498520536
34.91745872936468,0.6775068881116939
35.01750875437719,0.8236996557835107
35.11755877938969,1.1187528278139895
35.2176088044022,1.068191552565978
35.317658829414704,0.9364067272672433
35.41770885442721,1.023954847629685
35.51775887943972,0.8667747771271663
35.617808904452225,1.081274233771664
35.71785892946473,1.02709216881433
35.81790895447724,1.140316783287108
35.91795897948974,0.9040916078237584
36.01800900450225,1.1815693072840308
36.118059029514754,1.4153920916885598
36.21810905452726,1.1446703837988277
36.31815907953977,1.3282136736793277
36.418209104552275,1.4832305255702296
36.51825912956478,1.3666683755787747
36.61830915457729,1.5855808838392105
36.71835917958979,1.6192387713039689
36.8184092046023,1.6889057789260036
36.918459229614804,1.5445831150381821
37.01850925462731,1.7172521533829275
37.11855927963982,1.818790714049483
37.218609304652325,2.021809880645929
37.31865932966483,1.9518242381671367
37.41870935467734,2.2413969873826467
37.51875937968984,1.7312068854682634
37.61880940470235,2.1509871998680365
37.718859429714854,2.113066618144519
37.81890945472736,2.6100182157497533
37.91895947973987,2.090196469590273
38.019009504752376,2.1395989545908503
38.11905952976488,2.216350920078991
38.21910955477739,1.9162606570653178
38.31915957978989,2.2251467636276616
38.4192096048024,2.1636104324879524
38.519259629814904,2.338233240059891
38.61930965482741,2.3858543728901087
38.71935967983992,2.72287004674508
38.819409704852426,2.586839351212376
38.91945972986493,2.342141642037055
39.01950975487743,2.3391543470400844
39.11955977988994,2.6669173708050966
39.21960980490245,2.332301654989995
39.319659829914954,2.9627186483444183
39.41970985492746,2.804640717941952
39.51975987993997,2.4253160137887924
39.619809904952476,2.1152401658059405
39.71985992996498,2.6678382906628935
39.81990995497748,2.3249490974352147
39.91995997998999,2.5651734938013986
40.0200100050025,1.9892685198042275
40.120060030015004,2.1954916330312453
40.22011005502751,2.33126540943885
40.32016008004002,2.350410007567542
40.420210105052526,2.246302017045395
40.52026013006503,2.432343297004042
40.62031015507753,2.0387071667183108
40.72036018009004,2.144070386722774
40.82041020510255,2.1010029402816377
40.920460230115054,2.07994537090223
41.02051025512756,2.027459755116073
41.12056028014007,1.586175276811913
41.220610305152576,1.4533604859568252
41.32066033016508,1.9872200995442701
41.42071035517758,1.7856957826254685
41.52076038019009,1.5626967315200608
41.6208104052026,2.0095247209243063
41.720860430215104,1.6927272447418915
41.82091045522761,1.8529331069742043
41.92096048024012,1.5547371396195144
42.021010505252626,1.859606893764257
42.12106053026513,1.6968251348553944
42.22111055527763,1.1985765198670895
42.32116058029014,1.3611218563452003
42.42121060530265,1.2381618721217404
42.521260630315155,1.3515282865020222
42.62131065532766,0.8765489243679284
42.72136068034017,1.2129304802997838
42.821410705352676,1.2964736109745907
42.92146073036518,0.7332704271501873
43.02151075537768,0.8307839886219469
43.12156078039019,0.6201860500508547
43.2216108054027,0.914879964960612
43.321660830415205,1.0405745420639547
43.42171085542771,1.124532964868885
43.52176088044022,0.7766276057791461
43.621810905452726,1.0460760652728585
43.72186093046523,0.4292320809332348
43.82191095547773,0.3755234367452808
43.92196098049024,0.7359698031588437
44.02201100550275,0.8642530245905449
44.122061030515255,0.818490518374539
44.22211105552776,0.43527610115377213
44.32216108054027,0.8335865610126605
44.422211105552776,0.5704213312813589
44.52226113056528,0.926704696362724
44.62231115557778,0.8182329947463908
44.72236118059029,0.5114646965534959
44.8224112056028,0.564915248727933
44.922461230615305,0.4459602944473742
45.02251125562781,0.6601518140598769
45.12256128064032,0.9002653763203713
45.222611305652826,0.5618947177992691
45.322661330665326,0.9111936940676559
45.42271135567783,0.745017985795948
45.52276138069034,0.7127642795564512
45.62281140570285,0.8448087256628992
45.722861430715355,0.6296144802827854
45.82291145572786,0.6785714385560137
45.92296148074037,0.49515050024015794
46.023011505752876,1.0778096940646165
46.123061530765376,0.6570575525514556
46.22311155577788,0.49628353928899505
46.32316158079039,0.6866760684521034
46.4232116058029,0.6449769631611019
46.523261630815405,0.6526623179441065
46.62331165582791,0.8427860418931455
46.72336168084042,0.8769122548003565
46.823411705852926,0.599408295097083
46.92346173086543,0.5428349950503283
47.023511755877934,0.5316352807736008
47.12356178089044,0.03991097042421804
47.22361180590295,0.10766483393608423
47.323661830915455,0.6030300063255578
47.42371185592796,0.5950793174709359
47.52376188094047,0.1740918709373653
47.62381190595298,0.3163397793176389
47.72386193096548,0.2522134973947777
47.823911955977984,0.7953927017345803
47.92396198099049,0.38198453738938526
48.024012006003,0.08994574868269704
48.124062031015505,-0.14434237028027985
48.22411205602801,-0.3688529829033259
48.32416208104052,-0.12033673915374457
48.42421210605303,-0.4342262503125285
48.52426213106553,-0.6854369027454804
48.624312156078034,-0.6333679656480509
48.72436218109054,-0.8013466846889119
48.82441220610305,-0.3050190570117405
48.924462231115555,-0.5044008734427182
49.02451225612806,-0.7107026803514765
49.12456228114057,-0.4432803107739024
49.22461230615308,-0.7669509761484695
49.32466233116558,-1.0187606710804855
49.424712356178084,-0.6295195801662483
49.52476238119059,-0.9342000477893831
49.6248124062031,-1.368861249911239
49.724862431215605,-1.3187037978165872
49.82491245622811,-1.5626176232984839
49.92496248124062,-1.7489457169818634
50.02501250625313,-1.34533340639608
50.12506253126563,-1.1813845094843163
50.225112556278134,-1.8570377085746035
50.32516258129064,-1.4708800190044649
50.42521260630315,-1.7238017490470738
50.525262631315655,-1.7155553256183884
50.62531265632816,-1.781246913193985
50.72536268134067,-1.9005416446580927
50.82541270635318,-1.7976779115802595
50.92546273136568,-2.0577390880145687
51.025512756378184,-1.914023720810988
51.12556278139069,-2.035966513817435
51.2256128064032,-2.105285041980545
51.325662831415706,-2.2424166922312025
51.42571285642821,-2.1555613093727133
51.52576288144072,-1.8534049818494243
51.62581290645322,-1.865431793135346
51.72586293146573,-2.130906700318327
51.825912956478234,-1.9027928958250995
51.92596298149074,-1.780867764530147
52.02601300650325,-2.292491890089451
52.126063031515756,-1.888745527136474
52.22611305652826,-2.168966075642088
52.32616308154077,-1.9497217652745522
52.42621310655327,-2.222660415715903
52.52626313156578,-2.4109444132066686
52.626313156578284,-2.3301590872887163
52.72636318159079,-1.9311013004853208
52.8264132066033,-1.817042413756092
52.926463231615806,-1.9826961004472032
53.02651325662831,-1.6224993845343663
53.12656328164082,-2.053366592292425
53.22661330665332,-1.7288251501842238
53.32666333166583,-1.9713803482427783
53.426713356678334,-1.882736394332771
53.52676338169084,-1.7639534288139154
53.62681340670335,-1.9532820020723607
53.726863431715856,-1.8447847718158776
53.82691345672836,-1.5297434260267635
53.92696348174087,-1.7895015346130145
54.02701350675337,-1.4388125481048133
54.12706353176588,-1.7642262773775004
54.227113556778384,-1.3772006767916378
54.32716358179089,-1.1616304543172224
54.4272136068034,-1.9373932301340882
54.527263631815906,-1.620346409538833
54.62731365682841,-1.381106984375453
54.72736368184092,-1.5793977471043537
54.82741370685342,-1.5014957180589672
54.92746373186593,-1.717942502382557
55.027513756878434,-1.5799130477155008
55.12756378189094,-1.6070938225294513
55.22761380690345,-1.3055499583544774
55.327663831915956,-1.4459505212585966
55.42771385692846,-1.39366394703495
55.52776388194097,-1.5254884571891654
55.62781390695347,-1.5473109157661677
55.72786393196598,-1.5693266586964056
55.827913956978485,-1.4589108421381767
55.92796398199099,-1.689612327079609
56.0280140070035,-1.615675787307367
56.128064032016006,-1.3155544301314006
56.22811405702851,-1.593455298675495
56.32816408204102,-1.846389024707811
56.42821410705352,-1.5333129859577863
56.52826413206603,-1.8341688471902016
56.628314157078535,-2.1369571057293704
56.72836418209104,-1.9172675136185453
56.82841420710355,-2.095091614792221
56.928464232116056,-1.8202068403519087
57.02851425712856,-1.7976832972474364
57.12856428214107,-1.5331527178883368
57.22861430715357,-1.8747981329389944
57.32866433216608,-2.048040565199107
57.428714357178585,-1.8838310512727832
57.52876438219109,-2.5121845232449207
57.6288144072036,-2.0168561412050234
57.728864432216106,-1.8825364061731946
57.82891445722861,-2.293447934682576
57.92896448224111,-1.7301264495435018
58.02901450725362,-1.8635906265601012
58.12906453226613,-2.0057003232620545
58.229114557278635,-1.8086670732810612
58.32916458229114,-1.5111988352347325
58.42921460730365,-1.9678087013749666
58.529264632316156,-1.9903326194982789
58.62931465732866,-2.152700485741416
58.72936468234116,-2.2275958647523098
58.82941470735367,-1.8601991352798906
58.92946473236618,-2.1398577471950673
59.029514757378685,-1.8778660114514307
59.12956478239119,-1.903555347031401
59.2296148074037,-1.6325117122297237
59.329664832416206,-1.5964592829244921
59.42971485742871,-1.410883070748713
59.529764882441214,-1.6957986805679939
59.62981490745372,-1.637496641862128
59.72986493246623,-1.7731387661023474
59.829914957478735,-1.6522929774034931
59.92996498249124,-1.4554502624295897
60.03001500750375,-1.3215368604517375
60.13006503251626,-1.5726694304220592
60.230115057528764,-1.1075938518588941
60.330165082541264,-0.8912133457198481
60.43021510755377,-0.9601783893088998
60.53026513256628,-0.5595415534508612
60.630315157578785,-1.0018431764956846
60.73036518259129,-1.0317592770496922
60.8304152076038,-1.0952811628080854
60.93046523261631,-0.4101078926524503
61.030515257628814,-0.5500963397550629
61.130565282641314,-0.6539205863692164
61.23061530765382,-0.529570016157478
61.33066533266633,-0.7298602930796915
61.430715357678835,0.08730680356187553
61.53076538269134,-0.25804527611662137
61.63081540770385,-0.1400665678413403
61.73086543271636,0.09678276005050288
61.830915457728864,0.1423382288630173
61.930965482741364,0.15988262771111633
62.03101550775387,-0.00026101382369814186
62.13106553276638,0.27380244955873856
62.231115557778885,0.5663019209534864
62.33116558279139,0.46999542241730474
62.4312156078039,0.5422945642789928
62.53126563281641,0.16343753405181416
62.631315657828914,0.13117294501377488
62.731365682841414,0.38487932832747074
62.83141570785392,0.510751324478557
62.93146573286643,0.8048664463375133
63.031515757878935,0.319041897523727
63.13156578289144,1.0111588929539725
63.23161580790395,0.6937598076223612
63.33166583291646,0.6346979461036364
63.431715857928964,0.49465177013976125
63.531765882941464,0.33668894529206145
63.63181590795397,0.8086445084740866
63.73186593296648,0.6508729069030614
63.831915957978985,0.39182294067704837
63.93196598299149,0.4255143153773821
64.03201600800399,0.6671549021042293
64.1320660330165,1.1227003655324446
64.232116058029,0.7844383925411028
64.33216608304151,0.5654477431944298
64.43221610805402,0.8222500812729129
64.53226613306653,0.7967672014236036
64.63231615807904,0.27137346520262495
64.73236618309154,0.7485839083112602
64.83241620810405,0.6633941777067882
64.93246623311656,0.8121339954121354
65.03251625812906,1.027614199112632
65.13256628314157,0.8928356031721145
65.23261630815408,0.6453548627585178
65.33266633316659,0.5232357909465803
65.43271635817908,1.3070973978495108
65.53276638319159,0.8429250488084572
65.63281640820409,0.8541272214463633
65.7328664332166,0.8440457278698081
65.8329164582291,0.8648928438414378
65.93296648324161,0.7588815653229612
66.03301650825412,0.6326349309944023
66.13306653326663,0.606999819776359
66.23311655827914,0.6986909105032766
66.33316658329164,0.6114489338125095
66.43321660830415,0.6188329607258578
66.53326663331666,0.8448157337222075
66.63331665832916,0.8455015880725096
66.73336668334167,1.2690461653861538
66.83341670835418,0.49745419909651933
66.93346673336669,1.2855198172349613
67.03351675837918,1.3341771613358389
67.13356678339169,0.6701598470344403
67.2336168084042,1.0072567293181303
67.3336668334167,0.9952514179816059
67.43371685842921,0.7961570731649232
67.53376688344171,0.9531842476586054
67.63381690845422,0.9441533467595788
67.73386693346673,1.5981263450340675
67.83391695847924,1.532115347241064
67.93396698349174,1.7010054860014117
68.03401700850425,1.6849082249560798
68.13406703351676,1.390768386170909
68.23411705852926,1.5643776074920301
68.33416708354177,1.797016140352234
68.43421710855428,1.4679069347532052
68.53426713356679,1.8617740195909942
68.63431715857928,1.6834747857789705
68.73436718359179,1.6849208039910488
68.8344172086043,1.9528154073829704
68.9344672336168,1.9733450609895185
69.03451725862931,1.9041160954346754
69.13456728364181,2.308045903099861
69.23461730865432,1.9556493665915038
69.33466733366683,2.3748929921798623
69.43471735867934,2.426071349544931
69.53476738369184,2.27428569313489
69.63481740870435,2.406276639451815
69.73486743371686,2.08010745756262
69.83491745872936,2.500270564875225
69.93496748374187,2.2711743705954515
70.03501750875438,2.2129159302245607
70.13506753376689,2.5573494117135063
70.23511755877938,2.255762252579433
70.33516758379189,2.1756922397427956
70.4352176088044,2.207385802828355
70.5352676338169,2.6896476776627054
70.63531765882941,2.3402307502625934
70.73536768384191,2.947416934876464
70.83541770885442,2.152454288711001
70.93546773386693,2.858567864083976
71.03551775887944,2.5002084493347185
71.13556778389194,2.377844986103008
71.23561780890445,2.2389618867016643
71.33566783391696,2.3974804538425625
71.43571785892946,2.3006270814289094
71.53576788394197,2.535998948822046
71.63581790895448,2.353029725666555
71.73586793396697,2.371063743981885
71.83591795897948,2.2636267306349955
71.93596798399199,2.2964759507249006
72.0360180090045,2.3139414510879877
72.136068034017,1.830707931607908
72.23611805902951,1.8075249321539963
72.33616808404201,2.1259243038998843
72.43621810905452,1.9194941727119896
72.53626813406703,1.774444505144952
72.63631815907954,1.7639555970950205
72.73636818409204,1.8012426436688167
72.83641820910455,1.6112978617932807
72.93646823411706,1.5567506083161258
73.03651825912956,1.7385069365868895
73.13656828414207,1.4740062709237813
73.23661830915458,1.6988653737108426
73.33666833416707,1.2009049916238257
73.43671835917958,1.6535063040406421
73.53676838419209,1.4404985951976885
73.6368184092046,1.2997746394737506
73.7368684342171,1.3635001672831368
73.83691845922961,1.4422787456920776
73.93696848424212,1.2807169722952005
74.03701850925462,0.7013572211182684
74.13706853426713,0.819783665872335
74.23711855927964,0.9598108488902862
74.33716858429214,1.090252967304089
74.43721860930465,1.1710293249545796
74.53726863431716,0.8829933115136668
74.63731865932967,1.0062613377551388
74.73736868434217,0.7461520781101769
74.83741870935468,0.7019100733089478
74.93746873436717,0.4805928103204694
75.03751875937968,0.5357691866089412
75.13756878439219,0.4349188247698665
75.2376188094047,0.5209764397105289
75.3376688344172,0.9577255229108781
75.43771885942971,0.59747049366505
75.53776888444222,1.3514353215110608
75.63781890945472,0.9473975196346209
75.73786893446723,0.8883973168260906
75.83791895947974,0.6597102925007403
75.93796898449224,0.9329305600603264
76.03801900950475,0.6298921987178319
76.13806903451726,0.7239307825204837
76.23811905952977,1.1797532184165853
76.33816908454227,0.6385855817611831
76.43821910955478,0.9024839396034692
76.53826913456727,0.5685034377871296
76.63831915957978,0.7519271158687396
76.73836918459229,1.1644397144978504
76.8384192096048,0.7256066150519405
76.9384692346173,1.2338111796533555
77.03851925962981,1.0078044781070414
77.13856928464232,0.7242569037724924
77.23861930965482,0.9158985515137589
77.33866933466733,0.929355374473702
77.43871935967984,0.8093224245860243
77.53876938469234,0.33601433634413597
77.63881940970485,0.49080696354691633
77.73886943471736,0.5943393041637621
77.83891945972987,0.6524937500202803
77.93896948474237,0.8209287577586568
78.03901950975487,0.7554580065957107
78.13906953476737,0.45835565626131797
78.23911955977988,0.7816219912399873
78.33916958479239,0.7802480512863544
78.4392196098049,0.6987799682613429
78.5392696348174,0.7166481313829497
78.63931965982991,0.5776779531379669
78.73936968484242,0.42165171671791135
78.83941970985492,0.25216861228372206
78.93946973486743,-0.10822379816797628
79.03951975987994,0.2869855815607942
79.13956978489244,0.23151999640248272
79.23961980990495,0.23396297401521615
79.33966983491746,-0.09721305357969201
79.43971985992997,-0.10056134444549533
79.53976988494247,0.2575758185153399
79.63981990995497,-0.05524443168266355
79.73986993496747,-0.024467687564796087
79.83991995997998,-0.27702569377428066
79.93996998499249,-0.3947897878064398
80.040020010005,-0.3161937864000999
80.1400700350175,-0.6880952971914351
80.24012006003001,-0.6231212278294771
80.34017008504252,-0.7731150180216847
80.44022011005502,-0.7959478165833599
80.54027013506753,-0.8010271420310198
80.64032016008004,-0.737882770786279
80.74037018509254,-0.9420876694326114
80.84042021010505,-0.6827773008101468
80.94047023511756,-1.220651269058198
81.04052026013007,-1.1985209461980004
81.14057028514257,-1.3683310029945794
81.24062031015507,-1.097886042710215
81.34067033516757,-1.4329177191168296
81.44072036018008,-1.324102173203891
81.54077038519259,-1.8603321404254682
81.6408204102051,-1.5238963892864903
81.7408704352176,-1.4055340987538842
81.84092046023011,-1.5771816903127327
81.94097048524262,-1.4049598788317859
82.04102051025512,-1.7661050207102806
82.14107053526763,-1.4457129680840481
82.24112056028014,-1.3474193425879266
82.34117058529264,-1.9639366385047377
82.44122061030515,-2.057065128938925
82.54127063531766,-1.7351424503232264
82.64132066033017,-1.7415431070693885
82.74137068534267,-2.1654973170578917
82.84142071035517,-2.1243100446310077
82.94147073536767,-2.0609261937853107
83.04152076038018,-2.2345848070321437
83.14157078539269,-2.1191754348247818
83.2416208104052,-2.123492491487963
83.3416708354177,-2.0846635628934145
83.44172086043021,-1.9654718150480774
83.54177088544272,-1.950485159029813
83.64182091045522,-1.7262644920286272
83.74187093546773,-2.2634727733631816
83.84192096048024,-1.8731584240512704
83.94197098549274,-2.0928385780042076
84.04202101050525,-2.01466603510415
84.14207103551776,-1.8059070726689632
84.24212106053027,-2.0936875788121285
84.34217108554276,-1.7254840835357734
84.44222111055527,-1.7170173193401126
84.54227113556777,-1.6226095441909163
84.64232116058028,-1.6577639386486882
84.74237118559279,-1.2380728741759404
84.8424212106053,-1.879864403164805
84.9424712356178,-1.8795973771514807
85.04252126063031,-1.9058314913113992
85.14257128564282,-1.8790240920504426
85.24262131065532,-1.8585841644650019
85.34267133566783,-1.4364604167400357
85.44272136068034,-1.3220031377035255
85.54277138569284,-1.6525724843835274
85.64282141070535,-1.6497318646759256
85.74287143571786,-1.3557055008498058
85.84292146073037,-1.5534952864751648
85.94297148574286,-1.3343191533901835
86.04302151075537,-1.455847369985003
86.14307153576787,-1.841846661981828
86.24312156078038,-1.2661569721286967
86.34317158579289,-1.237945255608111
86.4432216108054,-1.7198129484592788
86.5432716358179,-1.6535652254291964
86.64332166083041,-1.4820240044273798
86.74337168584292,-1.4300329129417984
86.84342171085542,-1.329537852142483
86.94347173586793,-1.0410863514389934
87.04352176088044,-1.485135260195016
87.14357178589295,-1.6423757130401782
87.24362181090545,-1.8135270725616959
87.34367183591796,-1.7514484336040121
87.44372186093047,-1.6801153434012355
87.54377188594296,-1.3716178268528232
87.64382191095547,-1.8711469766668307
87.74387193596797,-1.7364222071561253
87.84392196098048,-1.7768752335659688
87.94397198599299,-1.5149278365199268
88.0440220110055,-1.2239901299884703
88.144072036018,-1.8218359460875584
88.24412206103051,-1.8187844223060008
88.34417208604302,-1.5409825771533068
88.44422211105552,-1.6648557601488487
88.54427213606803,-1.4989425568401384
88.64432216108054,-1.8232451197995805
88.74437218609305,-2.075955777014567
88.84442221110555,-1.9315078315941396
88.94447223611806,-1.848201851451297
89.04452226113057,-1.8999216846658182
89.14457228614306,-1.9353311170313263
89.24462231115557,-1.7844852126713053
89.34467233616807,-1.7250943858382897
89.44472236118058,-1.6548996667798492
89.54477238619309,-1.7928962491211737
89.6448224112056,-1.9685980542471726
89.7448724362181,-1.935915387652277
89.84492246123061,-1.762794047696163
89.94497248624312,-2.2032979056749786
90.04502251125562,-1.987071765314136
90.14507253626813,-2.1363320331267683
90.24512256128064,-2.020616305698208
90.34517258629315,-1.7131006597835845
90.44522261130565,-1.8541394173920978
90.54527263631816,-1.7989199179698019
90.64532266133065,-2.0004402629862206
90.74537268634316,-1.5140622362135427
90.84542271135567,-1.4893689631958993
90.94547273636817,-1.1611795183503102
91.04552276138068,-1.6450910015304627
91.14557278639319,-1.533573537518162
91.2456228114057,-1.5136049531815818
91.3456728364182,-1.2155169819739826
91.44572286143071,-1.4921502012331724
91.54577288644322,-1.3326439316158223
91.64582291145572,-1.1601867332529565
91.74587293646823,-1.12528448972608
91.84592296148074,-1.132404595013798
91.94597298649325,-0.8962990304654997
92.04602301150575,-0.6325253900340472
92.14607303651826,-0.988246968923656
92.24612306153075,-0.7130198856940873
92.34617308654326,-0.8494005391082
92.44622311155577,-0.4420287932801772
92.54627313656827,-0.9475426144566249
92.64632316158078,-0.6974983256445713
92.74637318659329,-0.4295224642473118
92.8464232116058,-0.08898360185593374
92.9464732366183,-0.29730620979517025
93.04652326163081,-0.2732472553909274
93.14657328664332,0.3276301127047155
93.24662331165582,-0.24364648758084884
93.34667333666833,-0.3247766399863925
93.44672336168084,0.24576920036391542
93.54677338669335,0.07906702106016317
93.64682341170585,-0.014368518284953669
93.74687343671836,0.342549411234935
93.84692346173085,0.2723484969439159
93.94697348674336,0.15274943421773735
94.04702351175587,0.07287286693393769
94.14707353676837,0.5843378920285309
94.24712356178088,0.6294497259957177
94.34717358679339,0.5660163845113427
94.4472236118059,1.0267294421809683
94.5472736368184,0.49115737479083277
94.64732366183091,0.42024198216511727
94.74737368684342,0.581727054896202
94.84742371185592,0.6880172031178642
94.94747373686843,0.7163904355128663
95.04752376188094,0.595800584936675
95.14757378689345,0.7066151062321695
95.24762381190595,0.3994532617952404
95.34767383691846,0.973187556960537
95.44772386193095,0.7177633058435661
95.54777388694346,1.0122393661577154
95.64782391195597,0.9048140284113864
95.74787393696847,0.9573871489945998
95.84792396198098,0.9853689709947516
95.94797398699349,0.9409226618378628
96.048024012006,0.9393999147124783
96.1480740370185,1.025388533737131
96.24812406203101,0.7489837972643478
96.34817408704352,0.8147523082116808
96.44822411205602,0.6398818220268514
96.54827413706853,0.9554988420687774
96.64832416208104,0.563766276420143
96.74837418709355,1.1046226937687682
96.84842421210605,0.7842952454758276
96.94847423711855,0.5448593194021348
97.04852426213105,0.87694222307907
97.14857428714356,0.7126905313940209
97.24862431215607,0.9934748551565034
97.34867433716857,0.6573184524585667
97.44872436218108,0.6582130312478341
97.54877438719359,0.33851273194922765
97.6488244122061,0.6147774978485141
97.7488744372186,0.23529572072314026
97.84892446223111,0.44450562866837773
97.94897448724362,0.9754607757966497
98.04902451225612,1.0534944607243661
98.14907453726863,1.0531921539317157
98.24912456228114,0.8341429067198683
98.34917458729365,1.0576138656788243
98.44922461230615,1.0842227894919467
98.54927463731865,0.8531789088344128
98.64932466233115,1.3764950987776259
98.74937468734366,1.2450139138463463
98.84942471235617,1.0334260968556108
98.94947473736867,1.1140281578199138
99.04952476238118,1.2077912961372974
99.14957478739369,0.8391262871801621
99.2496248124062,1.2953221548540093
99.3496748374187,1.310079576109173
99.44972486243121,1.3400611475470723
99.54977488744372,1.560217017357656
99.64982491245622,2.0287299561645056
99.74987493746873,1.8272658753203803
99.84992496248124,1.598079045601842
99.94997498749375,1.8336741945561579
100.05002501250625,2.0113697370562185
100.15007503751875,1.944726703953193
100.25012506253125,1.8224125185290299
100.35017508754376,1.754921131481787
100.45022511255627,2.1157402868380912
100.55027513756878,2.1546587246874673
100.65032516258128,2.3507050020614844
100.75037518759379,2.378589857923033
100.8504252126063,2.5172692844670785
100.9504752376188,2.22911335424795
101.05052526263131,2.6045390055162883
101.15057528764382,2.3698824787400317
101.25062531265633,2.7305455689719444
101.35067533766883,2.170317630783096
101.45072536268134,2.664610753285315
101.55077538769385,2.387041503917655
101.65082541270635,2.266223854382852
101.75087543771885,2.360469461231931
101.85092546273135,2.4545164759523153
101.95097548774386,2.6531909213023543
102.05102551275637,2.7008519078596605
102.15107553776888,2.4817491659748057
102.25112556278138,2.564056621661611
102.35117558779389,2.9478560516384524
102.4512256128064,2.8036514767836094
102.5512756378189,2.4845761919024953
102.65132566283141,2.355635130080606
102.75137568784392,2.3417025976699612
102.85142571285643,2.430857668538507
102.95147573786893,2.110752031873022
103.05152576288144,2.2786763955537497
103.15157578789395,2.007276004594165
103.25162581290644,2.416227743355601
103.35167583791895,2.437395896879291
103.45172586293145,2.15589353195303
103.55177588794396,2.487734211651988
103.65182591295647,1.8322270657595625
103.75187593796898,1.6846104289468333
103.85192596298148,1.9303958416930405
103.95197598799399,2.0207984230028195
104.0520260130065,2.0971399486486413
104.152076038019,1.6399910958812483
104.25212606303151,1.9350028096984406
104.35217608804402,1.7047273436444137
104.45222611305653,1.6648559044041522
104.55227613806903,1.8465012111905426
104.65232616308154,1.7478204367886891
104.75237618809405,1.2263314625315294
104.85242621310654,1.7432010754114995
104.95247623811905,1.6222195226623268
105.05252626313155,1.1236555722954211
105.15257628814406,1.2462770975894766
105.25262631315657,1.2080871974283516
105.35267633816908,1.1300188088936383
105.45272636318158,0.9594695579246367
105.55277638819409,0.9413532705097095
105.6528264132066,1.0796495578127072
105.7528764382191,1.3195969068728304
105.85292646323161,1.176279274797095
105.95297648824412,0.9541286990385468
106.05302651325663,1.1233943190301838
106.15307653826913,0.32768270735727634
106.25312656328164,1.054118905510661
106.35317658829415,0.41409875504627613
106.45322661330664,0.6479906555166661
106.55327663831915,0.48132526715396495
106.65332666333165,0.45716605795004983
106.75337668834416,0.9790803878790412
106.85342671335667,0.6937203542076644
106.95347673836918,0.8941890577687258
107.05352676338168,0.8393191389799389
107.15357678839419,0.9468576695971329
107.2536268134067,0.8468127536921695
107.3536768384192,0.5363684912673374
107.45372686343171,0.9443795577028496
107.55377688844422,0.6008657354856333
107.65382691345673,0.3564677161590335
107.75387693846923,0.5721692132060578
107.85392696348174,0.9727229790534333
107.95397698849425,0.8790849466163222
108.05402701350674,0.6890792816863485
108.15407703851925,0.7403231911055272
108.25412706353175,0.7866034340853588
108.35417708854426,1.2866535630725826
108.45422711355677,0.9426803557539863
108.55427713856928,0.9228458157563949
108.65432716358178,0.9955893634508922
108.75437718859429,0.782720745215278
108.8544272136068,0.6332478409485737
108.9544772386193,0.6108438517216328
109.05452726363181,0.6219200094632583
109.15457728864432,0.6363616069112629
109.25462731365683,0.812844236253827
109.35467733866933,0.7071215854100247
109.45472736368184,0.866410840735184
109.55477738869433,0.7092949038404486
109.65482741370684,0.7213832211455878
109.75487743871935,0.25862290830375056
109.85492746373185,0.7702635991261584
109.95497748874436,0.5699864487221116
110.05502751375687,0.6106860619308684
110.15507753876938,-0.2492747412295515
110.25512756378188,0.6839927799379648
110.35517758879439,0.19611986716543156
110.4552276138069,0.4227321100868826
110.5552776388194,-0.017979730071270628
110.65532766383191,0.3022325998604793
110.75537768884442,-0.05247944665645701
110.85542771385693,-0.008983259522445941
110.95547773886943,0.42993092407741546
111.05552776388194,-0.08523965638793778
111.15557778889443,-0.11701965435672543
111.25562781390694,-0.10840907159027666
111.35567783891945,-0.3013594199839616
111.45572786393195,-0.4735638175901781
111.55577788894446,-0.5117433035575598
111.65582791395697,-0.16156017193040034
111.75587793896948,-0.6921148067011987
111.85592796398198,-0.6687691893407005
111.95597798899449,-0.5289854802462534
112.056028014007,-0.561089328036628
112.1560780390195,-0.6087661133096076
112.25612806403201,-0.80596671053698
112.35617808904452,-1.2700786000573627
112.45622811405703,-0.8341949085237157
112.55627813906953,-1.5094025390724501
112.65632816408204,-1.326542066631913
112.75637818909453,-1.6229266180185724
112.85642821410704,-1.5432007915060062
112.95647823911955,-1.4974197212334195
113.05652826413206,-1.513017209617974
113.15657828914456,-1.4990625185111517
113.25662831415707,-1.2708615570899193
113.35667833916958,-1.527274897273703
113.45672836418208,-1.7113579596836817
113.55677838919459,-1.5346040598399306
113.6568284142071,-1.5691216222465338
113.7568784392196,-2.13671031454805
113.85692846423211,-1.8483340583282533
113.95697848924462,-1.8854851235841275
114.05702851425713,-2.1169322034431812
114.15707853926963,-1.785805183470349
114.25712856428214,-2.0703493635110553
114.35717858929463,-1.979540011202291
114.45722861430714,-2.000388586267238
114.55727863931965,-1.9323787157337755
114.65732866433216,-2.1419244405838946
114.75737868934466,-2.219073180010352
114.85742871435717,-1.6395578843515366
114.95747873936968,-2.1666309165852256
115.05752876438218,-2.234566270891864
115.15757878939469,-2.494440350892876
115.2576288144072,-2.197829445010919
115.3576788394197,-2.31473146076745
115.45772886443221,-1.6764928638701733
115.55777888944472,-1.7390601964881045
115.65782891445723,-2.006929526254427
115.75787893946973,-1.3516122048516128
115.85792896448223,-1.5540446578679163
115.95797898949473,-1.7861034065390722
116.05802901450724,-2.2154673802727975
116.15807903951975,-1.2709002285733442
116.25812906453226,-2.030178122930558
116.35817908954476,-2.1024424938032764
116.45822911455727,-1.5766932537301652
116.55827913956978,-1.2800330772372717
116.65832916458228,-1.4543568286550779
116.75837918959479,-1.5616224058669996
116.8584292146073,-1.4873061379398727
116.9584792396198,-1.3678784939678814
117.05852926463231,-1.3315743763855152
117.15857928964482,-1.3937948892841785
117.25862931465733,-1.4221969250806252
117.35867933966983,-1.4733623870107257
117.45872936468233,-1.6471354889270278
117.55877938969483,-1.594741997331726
117.65882941470734,-1.9141824190626116
117.75887943971985,-1.6167639364942317
117.85892946473236,-1.7949975324877672
117.95897948974486,-1.7968092385549241
118.05902951475737,-1.5033089374373994
118.15907953976988,-1.2186134266420334
118.25912956478238,-1.2776456981428304
118.35917958979489,-1.7572416956188674
118.4592296148074,-1.6476277141136453
118.5592796398199,-1.294463376562468
118.65932966483241,-1.7340227235673182
118.75937968984492,-1.6500360532312375
118.85942971485743,-1.5633386644515075
118.95947973986993,-1.9240930028196104
119.05952976488243,-1.7464939782001991
119.15957978989493,-2.047980272458989
119.25962981490744,-1.8938990017093587
119.35967983991995,-1.6887028120240621
119.45972986493246,-2.0480198247562624
119.55977988994496,-1.627579276439687
119.65982991495747,-1.7247875123864758
119.75987993996998,-1.639227480545217
119.85992996498248,-1.7563183925966286
119.95997998999499,-1.5952998006689567
120.0600300150075,-1.9148329681865173
120.16008004002,-2.0898552762988096
120.26013006503251,-2.0251058044234447
120.36018009004502,-1.9612679401492707
120.46023011505753,-2.054285071207467
120.56028014007003,-2.0287440063286395
120.66033016508253,-2.138307953969667
120.76038019009503,-2.0916099883251977
120.86043021510754,-2.211894168922504
120.96048024012005,-1.5727184680435127
121.06053026513256,-2.1838981628792595
121.16058029014506,-2.1037599256913313
121.26063031515757,-2.147691168331307
121.36068034017008,-1.8608598583891829
121.46073036518258,-2.119774367106411
121.56078039019509,-1.8081529989420564
121.6608304152076,-2.161162239024371
121.7608804402201,-1.9131421585309503
121.86093046523261,-2.059608576456312
121.96098049024512,-1.379360793865017
122.06103051525763,-1.9661501475005418
122.16108054027012,-1.6014701522323158
122.26113056528263,-1.491785261998778
122.36118059029513,-1.5111057760170097
122.46123061530764,-1.6206066066734361
122.56128064032015,-1.603385285395687
122.66133066533266,-1.5547666698388005
122.76138069034516,-1.5605051912837493
122.86143071535767,-1.2804716522317277
122.96148074037018,-0.9465554003375978
123.06153076538268,-1.393515330839157
123.16158079039519,-1.4368323057162358
123.2616308154077,-1.0610268401092287
123.3616808404202,-0.4193915729440093
123.46173086543271,-1.0081531719450512
123.56178089044522,-0.4552362230097613
123.66183091545773,-0.4041504291151074
123.76188094047022,-0.820153654911185
123.86193096548273,-0.5673101034741193
123.96198099049523,-0.31732739717602226
124.06203101550774,-0.6616896041701406
124.16208104052025,-0.5458831588876041
124.26213106553276,-0.5186693322726986
124.36218109054526,-0.48737412905580935
124.46223111555777,-0.29232472289271755
124.56228114057028,-0.2936201837311092
124.66233116558278,0.05259277180464539
124.76238119059529,-0.039131494207685136
124.8624312156078,0.20445582325226905
124.9624812406203,-0.1317322304356987
125.06253126563281,0.25603511826272457
125.16258129064532,0.3675506800929267
125.26263131565783,-0.17522756480585955
125.36268134067032,0.34026107001777406
125.46273136568283,0.5743074686580676
125.56278139069533,0.1677279791705989
125.66283141570784,0.8337271012443856
125.76288144072035,0.6694787014343506
125.86293146573286,0.5162667756416514
125.96298149074536,0.6939458771906466
126.06303151575787,0.8369979042093121
126.16308154077038,0.7353441697114398
126.26313156578288,0.8049473349598876
126.36318159079539,0.4836501212808747
126.4632316158079,0.6779574436348592
126.5632816408204,0.35345594566307637
126.66333166583291,0.6274620636187528
126.76338169084542,0.5035577480178983
126.86343171585793,0.586969276314863
126.96348174087042,1.0358829398022271
127.06353176588293,1.054443193287004
127.16358179089544,0.9878241818546899
127.26363181590794,0.652969659012902
127.36368184092045,0.7881681944883425
127.46373186593296,1.0535794192045784
127.56378189094546,0.7880165635019395
127.66383191595797,1.1736440150697685
127.76388194097048,0.7516740642132533
127.86393196598299,0.6962448857485306
127.96398199099549,0.6056050147528609
128.06403201600799,0.7256651211008934
128.1640820410205,0.7138342865169323
128.264132066033,0.9338499243307423
128.3641820910455,1.0222876912058605
128.464232116058,0.6941033140047115
128.56428214107052,0.5826842865054
128.66433216608303,0.45817525617903443
128.76438219109554,0.8895311000098454
128.86443221610804,0.5268588276449899
128.96448224112055,0.2858921262530472
129.06453226613306,0.7829518064280866
129.16458229114556,1.2186093159983133
129.26463231615807,0.7599561887549993
129.36468234117058,0.9909242085890375
129.46473236618309,0.9125376920766092
129.5647823911956,0.9481757244405652
129.6648324162081,1.2112433095722979
129.7648824412206,1.0090388113763664
129.8649324662331,1.1384048471340005
129.96498249124562,1.1492053171932586
130.06503251625813,0.94221855123126
130.16508254127064,1.2679518599805601
130.26513256628314,1.042586611568668
130.36518259129565,0.9574054917168954
130.46523261630816,1.2732630383477859
130.56528264132066,1.0675807465564984
130.66533266633317,1.350171847073382
130.76538269134568,1.4444345468693256
130.86543271635816,1.757375512865198
130.96548274137066,1.7112349443126136
131.06553276638317,1.6640981375700699
131.16558279139568,1.8626065564384966
131.26563281640819,1.9903386692914566
131.3656828414207,1.8307030311316446
131.4657328664332,1.7335280359468124
131.5657828914457,1.497347832049079
131.6658329164582,1.5973268556978786
131.76588294147072,1.823079722250321
131.86593296648323,1.8539795187655792
131.96598299149574,2.038349072060763
132.06603301650824,2.1828005920296074
132.16608304152075,2.357343557981504
132.26613306653326,2.2931664977698203
132.36618309154576,2.433426024556553
132.46623311655827,2.3539651569375293
132.56628314157078,1.9353016094499305
132.66633316658329,2.127654586158488
132.7663831915958,2.279338161097509
132.8664332166083,2.075436604124754
132.9664832416208,2.4673569669886586
133.06653326663331,2.7025341433994914
133.16658329164582,2.7008611307201518
133.26663331665833,2.47577160742259
133.36668334167084,2.8664148978487307
133.46673336668334,2.625986356339525
133.56678339169585,2.529102905766646
133.66683341670836,2.4463342704785074
133.76688344172086,2.4590333752579343
133.86693346673337,2.3806453683942355
133.96698349174588,2.4315186086738954
134.06703351675836,2.380238053795007
134.16708354177086,2.3183487395124827
134.26713356678337,2.395541841821074
134.36718359179588,2.5534118101763723
134.4672336168084,2.520030018025041
134.5672836418209,2.0440025782754243
134.6673336668334,1.825632721695483
134.7673836918459,2.494912193193316
134.86743371685841,1.9793046941604455
134.96748374187092,2.128178949802605
135.06753376688343,1.8435757539494484
135.16758379189594,1.6173032761316484
135.26763381690844,1.9939825037389727
135.36768384192095,1.9633474974094625
135.46773386693346,1.6451380396232618
135.56778389194596,1.21360121440474
135.66783391695847,1.6100346261742917
135.76788394197098,1.7908072924795426
135.8679339669835,1.4036424486322234
135.967983991996,1.7065294936161592
136.0680340170085,1.6144348159142359
136.168084042021,1.6576562875434089
136.26813406703351,1.4720268690196041
136.36818409204602,1.1518096374117555
136.46823411705853,1.488281909746286
136.56828414207104,1.1355650127137344
136.66833416708354,1.1039176844239198
136.76838419209605,0.8912716725592871
136.86843421710856,0.9808727302849429
136.96848424212106,0.8986963002578467
137.06853426713357,1.0501569244799365
137.16858429214605,1.427409057812803
137.26863431715856,0.7932406316328611
137.36868434217106,0.7056486799097299
137.46873436718357,1.2634351733675726
137.56878439219608,0.8556890560528856
137.6688344172086,0.690703401181414
137.7688844422211,0.9701390304228328
137.8689344672336,0.5994188720802889
137.9689844922461,1.0704648158792311
138.06903451725861,0.8516388873407628
138.16908454227112,0.6492506618771902
138.26913456728363,1.2186325467013106
138.36918459229614,0.7036746021315774
138.46923461730864,0.9970915415051053
138.56928464232115,0.9113273211781094
138.66933466733366,1.0918630700168708
138.76938469234616,1.105367481605764
138.86943471735867,0.751633464756052
138.96948474237118,0.549021777220593
139.0695347673837,0.7598264161057803
139.1695847923962,0.5222439759548769
139.2696348174087,1.075190322824235
139.3696848424212,0.736249604692219
139.46973486743371,0.6856303007361179
139.56978489244622,0.8470058860544917
139.66983491745873,0.5814355048044758
139.76988494247124,0.6769635332484903
139.86993496748374,1.1064151020757707
139.96998499249625,0.7055457709771609
140.07003501750876,0.580266109789319
140.17008504252126,0.8424119157245444
140.27013506753377,0.9222930122330256
140.37018509254625,0.7939591279032803
140.47023511755876,0.8354557659796756
140.57028514257127,0.49241013749521434
140.67033516758377,0.3828941149327662
140.77038519259628,0.9969371783725447
140.8704352176088,0.655311790871031
140.9704852426213,0.6752851851319475
141.0705352676338,0.9713686391114891
141.1705852926463,0.7696410739311973
141.27063531765882,0.6783517310373808
141.37068534267132,0.9338859740321312
141.47073536768383,0.2825709533767279
141.57078539269634,0.5157050789922702
141.67083541770884,0.2778366529588201
141.77088544272135,0.277825747458146
141.87093546773386,0.5068228991076613
141.97098549274637,0.29158760702387565
142.07103551775887,0.2873675927898564
142.17108554277138,0.3727720358299482
142.2711355677839,0.042900428037704594
142.3711855927964,-0.12053799930117029
142.4712356178089,-0.2558348837226036
142.5712856428214,-0.5535159901903103
142.67133566783392,0.12908557841931007
142.77138569284642,-0.6208921796900817
142.87143571785893,-0.5476952666354026
142.97148574287144,-0.6399472014359575
143.07153576788394,-0.5806597616695636
143.17158579289645,-0.5173746432498192
143.27163581790896,-0.5368347370490827
143.37168584292147,-0.8556555524904024
143.47173586793394,-0.81550394892176
143.57178589294645,-0.7894905286861187
143.67183591795896,-0.9832353079769675
143.77188594297147,-0.7197563681263879
143.87193596798397,-1.0624208217059237
143.97198599299648,-1.132906512497723
144.072036018009,-1.254280339264039
144.1720860430215,-1.237219320098221
144.272136068034,-1.494070727386243
144.3721860930465,-1.8224906394999065
144.47223611805902,-1.4973332340770722
144.57228614307152,-1.713704479416448
144.67233616808403,-1.6992925396842127
144.77238619309654,-1.5006348562752672
144.87243621810904,-1.4147494198959225
144.97248624312155,-1.7230062875919279
145.07253626813406,-1.7450658929321747
145.17258629314657,-1.5505655512463616
145.27263631815907,-1.919512793091288
145.37268634317158,-1.5052832480426495
145.4727363681841,-1.944279403136343
145.5727863931966,-2.413120215097491
145.6728364182091,-1.889735413599864
145.7728864432216,-1.9285096395565957
145.87293646823412,-1.707903229484447
145.97298649324662,-1.8009078202009978
146.07303651825913,-1.9503658089011715
146.17308654327164,-2.175881697373947
146.27313656828414,-2.0001876637041454
146.37318659329665,-2.1672532807354274
146.47323661830916,-2.152315645160821
146.57328664332167,-1.9460069070605934
146.67333666833414,-1.7360702587392602
146.77338669334665,-1.971251765847847
146.87343671835916,-2.2441950201936014
146.97348674337167,-1.852255685807875
147.07353676838417,-1.6301294647992308
147.17358679339668,-1.924189355634494
147.2736368184092,-1.7772912924295385
147.3736868434217,-1.7182369394462722
147.4737368684342,-1.8725545627529763
147.5737868934467,-1.5993885444393112
147.67383691845922,-1.7764004724114215
147.77388694347172,-1.6894209491838443
147.87393696848423,-1.9587096269502524
147.97398699349674,-1.855529993889123
148.07403701850924,-1.5868396762967365
148.17408704352175,-1.749111311760683
148.27413706853426,-1.2610172570530394
148.37418709354677,-1.6186272837208437
148.47423711855927,-1.4385226000108968
148.57428714357178,-1.263559697910959
148.6743371685843,-1.7266968814995023
148.7743871935968,-1.8129438544098915
148.8744372186093,-1.8013844638486458
148.9744872436218,-1.2859992782619865
149.07453726863432,-1.6858956534873653
149.17458729364682,-1.085431270662648
149.27463731865933,-1.7101528269953046
149.37468734367184,-1.5392474997324452
149.47473736868434,-1.2309564353366458
149.57478739369685,-1.0958849510742787
149.67483741870936,-1.0490707020204684
149.77488744372184,-1.201482764902917
149.87493746873434,-1.2448459821146876
149.97498749374685,-1.3640136814511454
150.07503751875936,-1.3817151092016509
150.17508754377187,-1.7151935671623169
150.27513756878437,-1.8368479417752352
150.37518759379688,-1.7309936182827812
150.4752376188094,-1.8015502515828041
150.5752876438219,-1.8718160560575345
150.6753376688344,-1.6343827364971215
150.7753876938469,-1.5616508536733253
150.87543771885942,-1.7117842099775928
150.97548774387192,-1.4201803327298246
151.07553776888443,-1.9491613097901161
151.17558779389694,-1.7883681920287127
151.27563781890944,-1.9443329213110396
151.37568784392195,-2.24127909791658
151.47573786893446,-1.9562610805433376
151.57578789394697,-2.0282003888613267
151.67583791895947,-1.7468017407957055
151.77588794397198,-1.9437500596764687
151.8759379689845,-2.268933310713854
151.975987993997,-1.6661201955145257
152.0760380190095,-1.753792343751158
152.176088044022,-1.8426866200490717
152.27613806903452,-1.9767116764988961
152.37618809404702,-2.1145173579595036
152.47623811905953,-2.009518034637369
152.57628814407204,-1.7473499665486603
152.67633816908454,-1.6270063139902284
152.77638819409705,-1.731129918122377
152.87643821910956,-2.158532203342137
152.97648824412204,-2.281661905976171
153.07653826913455,-1.9983855808261397
153.17658829414705,-2.322778731034761
153.27663831915956,-1.8280855203538287
153.37668834417207,-1.8380945502701318
153.47673836918457,-1.8219992643775258
153.57678839419708,-1.982496351980148
153.6768384192096,-1.515895554602805
153.7768884442221,-1.70044096630643
153.8769384692346,-1.8175461831427386
153.9769884942471,-2.1518910929228143
154.07703851925962,-1.5690791294293942
154.17708854427212,-1.17675150084439
154.27713856928463,-1.1411518833573193
154.37718859429714,-1.4802909084827087
154.47723861930965,-1.402710263755831
154.57728864432215,-1.0693822524619383
154.67733866933466,-1.2433001326834978
154.77738869434717,-0.8751915702207135
154.87743871935967,-0.6943688360287564
154.97748874437218,-0.5377887168402455
155.0775387693847,-0.7597982426502695
155.1775887943972,-0.7502303964607879
155.2776388194097,-0.8567717892320229
155.3776888444222,-0.8084841879774379
155.47773886943472,-0.631309819166215
155.57778889444722,-0.43189612503048314
155.67783891945973,-0.21986089235484346
155.77788894447224,-0.44532517852777226
155.87793896948475,0.13580659567602124
155.97798899449725,-0.10328777242802867
156.07803901950973,0.04132228063712967
156.17808904452224,-0.034700710999872694
156.27813906953475,-0.32721718324970483
156.37818909454725,0.35622495590619985
156.47823911955976,0.33720888098479374
156.57828914457227,0.14454619964696297
156.67833916958477,0.2368490108983762
156.77838919459728,0.3685222999378513
156.8784392196098,0.016104508244791094
156.9784892446223,0.30365544660199734
157.0785392696348,0.657868678494645
157.1785892946473,0.33464028500613835
157.27863931965982,0.7158477214364543
157.37868934467232,0.4337085621447193
157.47873936968483,0.8186038998348317
157.57878939469734,0.7130491311977384
157.67883941970985,0.37423147212521424
157.77888944472235,0.9007950331781386
157.87893946973486,0.4972045231941389
157.97898949474737,0.47414328037743425
158.07903951975987,0.6897673478721011
158.17908954477238,0.9139714602614064
158.2791395697849,0.5307926482222256
158.3791895947974,0.8008843453298287
158.4792396198099,0.9218565930731917
158.5792896448224,1.0045776128419044
158.67933966983492,0.906737096121416
158.77938969484742,0.7781131512539887
158.87943971985993,0.6455462989488717
158.97948974487244,0.7770171172811661
159.07953976988495,0.4954489124873876
159.17958979489745,0.08879944460722922
159.27963981990993,0.7451532456520995
159.37968984492244,0.8481682913842046
159.47973986993495,0.22628272380654113
159.57978989494745,0.5422757717004139
159.67983991995996,0.9159603496818769
159.77988994497247,1.2423791200868837
159.87993996998497,0.855439702642529
159.97998999499748,0.7033601999812232
160.08004002001,0.7889071596884144
160.1800900450225,1.0629976903327552
160.280140070035,0.6184217893861089
160.3801900950475,0.556681306717455
160.48024012006002,0.6086848315444174
160.58029014507252,0.5292816458045372
160.68034017008503,0.7855887136388752
160.78039019509754,1.1480100073932118
160.88044022011005,0.9606250604275558
160.98049024512255,0.9173359078601852
161.08054027013506,0.96895553993199
161.18059029514757,0.7543930350210117
161.28064032016007,1.2615313392228114
161.38069034517258,1.069312181842098
161.4807403701851,1.0397618758934983
161.5807903951976,1.708166907663458
161.6808404202101,1.1372888875729275
161.7808904452226,0.9580999759357189
161.88094047023512,1.0805360019275911
161.98099049524762,1.4767646444457612
162.08104052026013,1.3669677035752001
162.18109054527264,1.1583846329312417
162.28114057028515,1.7238533496670359
162.38119059529762,1.4825245887395777
162.48124062031013,2.043673851528159
162.58129064532264,1.9150188217522417
162.68134067033515,1.6228150650651283
162.78139069534765,1.9753276005082059
162.88144072036016,1.7449875541393234
162.98149074537267,1.9301850339306847
163.08154077038517,1.9071594085294112
163.18159079539768,1.7146695960726777
163.2816408204102,1.8469583675040222
163.3816908454227,2.281517161240143
163.4817408704352,2.1043197127835733
163.5817908954477,2.1705247067753044
163.68184092046022,2.1161491180155596
163.78189094547272,2.420810691746641
163.88194097048523,2.7535852635004505
163.98199099549774,2.1169206846175666
164.08204102051025,2.3203938636788197
164.18209104552275,2.590600342415782
164.28214107053526,2.301404936187824
164.38219109554777,2.4377575471393387
164.48224112056027,2.1837818506358864
164.58229114557278,2.542632315599974
164.6823411705853,2.4809055167093663
164.7823911955978,2.7653275019896997
164.8824412206103,2.8336979950474115
164.9824912456228,3.1144636265345707
165.08254127063532,2.6850285940600678
165.18259129564782,2.584811851536423
165.28264132066033,2.4972954840972834
165.38269134567284,2.326926068505371
165.48274137068535,2.4159089421185933
165.58279139569783,2.258702558423282
165.68284142071033,2.341846618878876
165.78289144572284,2.5787741105747193
165.88294147073535,2.12877814670206
165.98299149574785,2.5689471618128277
166.08304152076036,2.5998736761341394
166.18309154577287,2.2845258760932303
166.28314157078538,1.8284589457385843
166.38319159579788,2.051762726171741
166.4832416208104,2.337215408158641
166.5832916458229,1.9733397484888788
166.6833416708354,1.686014078894003
166.7833916958479,1.710699296750091
166.88344172086042,1.928649944056557
166.98349174587293,1.8411981894662197
167.08354177088543,1.6715139965831585
167.18359179589794,1.639099032720874
167.28364182091045,1.6211164498352602
167.38369184592295,1.4854636474862761
167.48374187093546,1.940712734363703
167.58379189594797,1.4775218996283543
167.68384192096048,1.6917602502285924
167.78389194597298,1.6509088302333175
167.8839419709855,1.4488293625800714
167.983991995998,1.081101517142647
168.0840420210105,1.1902221713335375
168.184092046023,1.0731274640150201
168.28414207103552,0.8887874708390024
168.38419209604803,1.1405076125910691
168.48424212106053,0.8489238996736226
168.58429214607304,1.3226194113168663
168.68434217108552,0.9747589104356518
168.78439219609803,1.0687021873549385
168.88444222111053,1.026005151970963
168.98449224612304,0.8459353497111124
169.08454227113555,0.9420089445107674
169.18459229614805,0.6672940447036754
169.28464232116056,0.8948647039840865
169.38469234617307,0.4360706911510422
169.48474237118558,0.7412810862431014
169.58479239619808,1.1345367028359932
169.6848424212106,0.5870149353745424
169.7848924462231,0.6891978304695777
169.8849424712356,0.9514231464822616
169.9849924962481,0.8874043512934973
170.08504252126062,0.9017071782881547
170.18509254627313,0.8910009285582586
170.28514257128563,0.8722833809379376
170.38519259629814,0.9217336853897911
170.48524262131065,0.7498437169675465
170.58529264632315,0.6095304443011847
170.68534267133566,0.8069695718274617
170.78539269634817,1.0888209307490342
170.88544272136068,0.7320527721162273
170.98549274637318,0.6150590052955659
171.0855427713857,1.0722071156936654
171.1855927963982,0.8471923590563792
171.2856428214107,0.43183734730879114
171.3856928464232,1.0064960156456038
171.48574287143572,0.6826982674301552
171.58579289644823,0.7170931833911043
171.68584292146073,0.7516442317281474
171.78589294647324,0.6883231489367637
171.88594297148572,0.7781426645853271
171.98599299649823,0.5566350602339809
172.08604302151073,0.7698153578630251
172.18609304652324,0.6446991220609933
172.28614307153575,0.8675747027347659
172.38619309654825,0.8485387305440427
172.48624312156076,0.5187155635996731
172.58629314657327,0.8757234059174476
172.68634317158578,0.4801575268441373
172.78639319659828,0.6626938003255793
172.8864432216108,0.4849226632745573
172.9864932466233,0.6979345930600849
173.0865432716358,0.22185712508332023
173.1865932966483,0.154313526031658
173.28664332166082,0.19727901791734212
173.38669334667333,0.12940350376732132
173.48674337168583,0.3397272614813553
173.58679339669834,-0.16492475284987884
173.68684342171085,-0.09472519617851632
173.78689344672335,-0.16607749391827747
173.88694347173586,0.14341851133926775
173.98699349674837,0.1821395173819385
174.08704352176088,-0.3027789023601776
174.18709354677338,-0.43376948734653187
174.2871435717859,-0.4892309449187234
174.3871935967984,-0.35205780323218355
174.4872436218109,-0.8275094467398754
174.5872936468234,-0.6327792790069684
174.68734367183592,-0.5138303531248994
174.78739369684843,-0.6387449992290123
174.88744372186093,-0.7440484763428051
174.9874937468734,-0.6456317596763065
175.08754377188592,-1.4739279679831014
175.18759379689843,-0.9053983422785862
175.28764382191093,-1.291165545273228
175.38769384692344,-1.6457571985489787
175.48774387193595,-1.2844033997093118
175.58779389694845,-1.1970248961480723
175.68784392196096,-1.5576665347972376
175.78789394697347,-1.3725012961237553
175.88794397198598,-1.2547973058950974
175.98799399699848,-1.3204366609379365
176.088044022011,-1.2655417595013274
176.1880940470235,-1.4694081629456113
176.288144072036,-1.6471988076114699
176.3881940970485,-2.047492946912792
176.48824412206102,-1.8558617913229216
176.58829414707353,-2.059477611567845
176.68834417208603,-1.5333241513353206
176.78839419709854,-2.060697104783142
176.88844422211105,-2.032702063321614
176.98849424712355,-1.950691587747368
177.08854427213606,-2.031748666969668
177.18859429714857,-1.665817107705145
177.28864432216108,-2.0904632537289993
177.38869434717358,-1.8966722500251134
177.4887443721861,-2.0711740219672623
177.5887943971986,-2.1949856920451882
177.6888444222111,-2.0806610016072153
177.7888944472236,-2.0044670939905957
177.88894447223612,-2.1219944982122567
177.98899449724863,-2.202166940589439
178.08904452226113,-2.351328588913496
178.1890945472736,-2.0668796328225874
178.28914457228612,-2.3060849035504143
178.38919459729863,-1.789317593521473
178.48924462231113,-1.8531241385115114
178.58929464732364,-2.0938765591164525
178.68934467233615,-1.812419887833301
178.78939469734865,-1.8716434237938842
178.88944472236116,-1.651728753939916
178.98949474737367,-1.4609104774208792
179.08954477238618,-2.127192539707402
179.18959479739868,-1.7502868510874952
179.2896448224112,-1.813241498970438
179.3896948474237,-1.633824978880713
179.4897448724362,-1.6887810798038008
179.5897948974487,-1.825078943590124
179.68984492246122,-1.6703738373827892
179.78989494747373,-1.6980437194972262
179.88994497248623,-1.2683576747136778
179.98999499749874,-1.4458603529989986
180.09004502251125,-1.0627723076420872
180.19009504752376,-1.4728526715532637
180.29014507253626,-1.6378452170079352
180.39019509754877,-1.8411680685958485
180.49024512256128,-1.936084851991174
180.59029514757378,-1.913873328844194
180.6903451725863,-1.543901868747168
180.7903951975988,-1.4744790644878925
180.8904452226113,-1.8557071974018196
180.9904952476238,-1.3181855423814695
181.09054527263632,-1.5580461109260255
181.19059529764883,-1.4138119651279222
181.2906453226613,-1.1271708904923945
181.3906953476738,-1.3030527724291023
181.49074537268632,-1.5909555953844536
181.59079539769883,-1.7830418728255
181.69084542271133,-2.103430271709783
181.79089544772384,-1.8740439083347338
181.89094547273635,-1.8096835075771767
181.99099549774886,-1.978601521007965
182.09104552276136,-1.799946306872818
182.19109554777387,-1.7373942040948347
182.29114557278638,-1.77448133896482
182.39119559779888,-1.8456990823164185
182.4912456228114,-1.6870562024757039
182.5912956478239,-1.6611591089300173
182.6913456728364,-2.018915587004118
182.7913956978489,-1.5856292096822204
182.89144572286142,-1.959289607426745
182.99149574787393,-1.9999575916985326
183.09154577288643,-1.9077750663668631
183.19159579789894,-2.023253893186018
183.29164582291145,-1.8735073757682854
183.39169584792396,-1.979590182729182
183.49174587293646,-2.120576024733072
183.59179589794897,-1.8868818665646223
183.69184592296148,-2.160201932894764
183.79189594797398,-1.9009133672928915
183.8919459729865,-1.94167392724825
183.991995997999,-2.0066439095797044
184.0920460230115,-2.0295449232962195
184.192096048024,-2.416082250690183
184.29214607303652,-2.170485071321276
184.39219609804903,-2.039206307970397
184.4922461230615,-1.9946901399325154
184.592296148074,-2.1747756612266196
184.69234617308652,-1.6397573548530637
184.79239619809903,-1.9819924378919689
184.89244622311153,-1.5350620955240717
184.99249624812404,-1.578238409760413
185.09254627313655,-1.7479360746205856
185.19259629814906,-1.2388738931788588
185.29264632316156,-1.8223039443226186
185.39269634817407,-1.3936252829078521
185.49274637318658,-1.363506778967495
185.59279639819908,-1.6654227674486521
185.6928464232116,-1.1950667867528648
185.7928964482241,-1.4390925091395441
185.8929464732366,-1.2247799427574777
185.9929964982491,-1.1113381280995875
186.09304652326162,-1.0707374635046545
186.19309654827413,-0.7736049034752427
186.29314657328663,-0.6890538959546209
186.39319659829914,-1.1329976363028538
186.49324662331165,-0.4789762783256305
186.59329664832416,-1.0420536934223252
186.69334667333666,-0.4747345360221845
186.79339669834917,-0.41786839231445894
186.89344672336168,-0.8043571966905689
186.99349674837418,-0.5877341153840294
187.0935467733867,-0.6239633456551799
187.1935967983992,-0.32794017993183655
187.2936468234117,-0.224599919470411
187.3936968484242,0.10663803984342542
187.49374687343672,0.30747702582850833
187.5937968984492,0.3937567319478678
187.6938469234617,0.045129388686892036
187.7938969484742,0.13754042454814203
187.89394697348672,-0.146866504191706
187.99399699849923,0.039604578270256235
188.09404702351173,0.4163525919899915
188.19409704852424,0.5883358261303577
188.29414707353675,0.08158400073882652
188.39419709854926,0.29078297214394944
188.49424712356176,0.4935376952234153
188.59429714857427,0.6413535993826401
188.69434717358678,0.4950823036873462
188.79439719859928,0.7897622279998365
188.8944472236118,0.6305352918107515
188.9944972486243,0.7173212232763271
189.0945472736368,0.8065763523663824
189.1945972986493,0.6691939666565688
189.29464732366182,0.5568832974937731
189.39469734867433,0.6142668343233616
189.49474737368683,0.6319272524395472
189.59479739869934,0.6101465724544182
189.69484742371185,0.6820795706673473
189.79489744872436,1.108161845866883
189.89494747373686,0.9481892203372813
189.99499749874937,0.8068202427491881
190.09504752376188,1.010856115184814
190.19509754877438,0.7848235557321588
190.2951475737869,1.0457936817443412
190.3951975987994,0.8338319457112118
190.4952476238119,0.6885149578442682
190.5952976488244,0.7626720767067149
190.69534767383692,0.34367239757889656
190.7953976988494,0.44198095197857695
190.8954477238619,0.4599965479716165
190.9954977488744,0.7727042028155802
191.09554777388692,1.1385337610814883
191.19559779889943,1.277072764032563
191.29564782391193,0.97887082540415
191.39569784892444,0.9491594908596701
191.49574787393695,0.46534494975608354
191.59579789894946,0.6795772038700887
191.69584792396196,0.5901403963764824
191.79589794897447,0.5923997480073413
191.89594797398698,0.6716023493216765
191.99599799899948,0.6254673353714946
192.096048024012,0.365079069507336
192.1960980490245,0.9725046819157037
192.296148074037,0.6812979802870189
192.3961980990495,1.0155088741206089
192.49624812406202,1.4420240115697982
192.59629814907453,0.883091648218071
192.69634817408703,0.5788347911105319
192.79639819909954,1.0276925980540055
192.89644822411205,1.29607101524955
192.99649824912456,1.4612169585265837
193.09654827413706,0.8315882416397409
193.19659829914957,1.2077018216806137
193.29664832416208,1.0725919978549057
193.39669834917459,1.2256870691872663
193.4967483741871,1.8729603184976695
193.5967983991996,1.1452280073432406
193.6968484242121,1.5905665710703372
193.7968984492246,1.7095500346480583
193.8969484742371,1.8860822166424196
193.9969984992496,1.7185616697021133
194.0970485242621,1.7738718054624238
194.1970985492746,1.6407779995758753
194.29714857428712,1.785200858060967
194.39719859929963,1.690907173392284
194.49724862431214,1.9343905928130478
194.59729864932464,1.8098352117463778
194.69734867433715,2.050874827328815
194.79739869934966,2.069454080197043
194.89744872436216,2.3962889247852215
194.99749874937467,2.240824929871782
195.09754877438718,1.9524743892722785
195.19759879939969,2.588440245149402
195.2976488244122,2.1599437491361506
195.3976988494247,2.199706324186232
195.4977488744372,2.1964460577885507
195.5977988994497,2.5830444902338474
195.69784892446222,1.8901561350748208
195.79789894947473,2.9747449547073157
195.89794897448724,2.6073485550246374
195.99799899949974,2.501480818331131
196.09804902451225,2.5072297018976966
196.19809904952476,2.625204044208436
196.29814907453726,2.70041305546763
196.39819909954977,2.7256246783425064
196.49824912456228,2.6803099019174956
196.59829914957479,2.5376939430359973
196.6983491745873,2.4190888336105187
196.7983991995998,2.3674286897401045
196.8984492246123,2.309319525848603
196.9984992496248,2.5445802666199135
197.0985492746373,2.426866065780858
197.1985992996498,1.727148962797011
197.2986493246623,2.4612342649367887
197.3986993496748,2.3799078912886906
197.49874937468732,2.332742509580786
197.59879939969983,2.2305271299612115
197.69884942471234,2.477801843439395
197.79889944972484,2.363027431537063
197.89894947473735,1.9234590837179988
197.99899949974986,2.0595378541934157
198.09904952476236,1.6917278327532268
198.19909954977487,1.5358685764374662
198.29914957478738,1.6352684224392242
198.39919959979989,1.9043720520015222
198.4992496248124,1.9099423539884246
198.5992996498249,1.8150983927421378
198.6993496748374,1.8445304736253971
198.79939969984991,1.7732694053311828
198.89944972486242,1.489481974197833
198.99949974987493,1.6285584203203927
199.09954977488744,1.6086281625685863
199.19959979989994,1.4977261004458295
199.29964982491245,1.4871495073948102
199.39969984992496,1.3092411173842256
199.49974987493746,1.1798634845052365
199.59979989994997,1.292038066216233
199.69984992496248,1.0642223243410343
199.79989994997499,0.8992397535319521
199.8999499749875,1.0521041436604646
200.0,0.9361190896529894
